Media Filename,Media Caption
media/72f6b984-4409-4010-a021-4a99cadcfd8b.jpg,""
media/ff700d31-654e-4f98-8309-9b866e8340de.jpg,""
media/7365fb25-0c2a-4cca-9331-7af9af9ddd4c.jpg,""
media/31df8a75-9acd-45b6-9bd0-3813a03e1599.jpg,""
media/af680951-88b1-4361-ace9-45a9c11874dc.jpg,""
media/fff4c412-6c34-4a7d-973a-8e4b77875f76.jpg,""
media/e825edb8-7570-490a-a537-1010c6247440.jpg,""
media/32a65b46-ca39-4618-844e-56c2891cc6ea.jpg,""
media/8be88d56-7503-4bf4-bd3d-b125d4b2c189.jpg,""
media/9a365360-6747-4f2e-bbd3-6ff3a20d4bd9.jpg,""
media/0e9df229-d903-4766-bfe8-8791a867b54a.jpg,""
media/53c605c1-0dbe-4377-b751-51174187950f.jpg,""
media/88064deb-1d8a-438d-9d3d-0c49c0d8f71d.jpg,""
media/b600e906-c29b-43f2-80b2-67d79b7cec13.jpg,""
media/a5c6a555-1e67-4c25-ad3d-29c0698fff8d.jpg,""
media/374c9f32-9f3b-44b3-b8e8-e485192bb879.jpg,""
media/469e5d64-dd57-46d5-a222-5129557927df.jpg,""
media/dbaebdd7-8abb-4e28-80d6-fc275d962f4b.jpg,""
media/68fde677-a462-4ba1-a844-c1e0ab828259.jpg,""
media/31404fa6-6e7f-49f3-b589-a418c50f297d.jpg,""
media/dd3cb92f-9a78-42a6-b762-84829a87abad.jpg,""
media/c5cf2be1-4360-4c1c-b4f8-878bf4e454ec.jpg,""
media/68c4229d-dd2e-4692-9ca5-c7e3618a9d9c.jpg,""
media/befa75a5-5906-4eb2-85c1-dcd5529e96f0.jpg,""
media/70aabbfc-4c1c-4595-bdfd-b8d2e12f138e.jpg,""
media/9d73e3a1-ef36-4177-b774-5b3c6cf08421.jpg,""
media/3e3d11c7-7a20-4419-974a-0d54a46de90b.jpg,""
media/f7477e2c-0929-48f7-9f03-e84baa6b931d.jpg,""
media/a6290903-6279-41e8-b36a-24820131594d.jpg,""
media/c1b27ccd-b59c-4a50-aa10-0307f8259c96.jpg,""
media/8c61a8fd-b4f6-48b3-ad37-2eda28568449.jpg,""
media/297ddc90-ba30-4713-8c66-939661690020.jpg,""
media/e6e31d88-6f61-478c-8353-1d522a2a1177.jpg,""
media/f0a725ac-e01b-4865-ba5b-5efd83f55356.jpg,""
media/ab2b9bdf-2673-4f48-896c-c964fee9b194.jpg,""
media/06d54f83-2fcb-45b1-855e-037264137563.jpg,""
media/86e04158-d6b2-44a9-92db-04fef76e522b.jpg,""
media/5c96124f-eac1-405b-9bf7-0908ec1cab18.jpg,""
media/c2714704-9d76-4fbe-8bce-cca2b1293c8f.jpg,""
media/4cc0c8ed-6e19-44de-b3b4-563be163cd76.jpg,""
media/e9d14160-adb2-4b7d-be4f-6742b4ecf06d.jpg,""
media/9df74e76-5a43-4534-ae56-fa66eda329c5.jpg,""
media/f4f65523-6a0e-422d-97dd-1cd469b0cbde.jpg,""
media/760b664a-7424-4bdb-9c93-4b116ab813fb.mp4,""
media/51a1cc1f-0432-4429-91e2-89a9e722f84d.jpg,""
media/4303c19d-cff3-4ea0-8f76-cf1a23e498c2.jpg,""
media/c0aea2c7-352f-4762-a23c-6ce4dce629b8.jpg,""
media/9f8b3bfe-71f8-466b-98c3-a939f92af8fb.jpg,""
media/69d89b4b-38c0-4ffb-8df6-86a8bb37c77f.jpg,""
media/41116eb5-da4a-4de4-9533-47719abab490.jpg,""
media/d0ede348-0fff-4953-9e87-965ad7c320d6.jpg,""
media/46974fa6-5ba7-4781-92cf-504e05cec09b.jpg,""
media/e25f852a-4bf7-49af-97a4-4f38b033fdfa.jpg,""
media/bb0827a9-1505-4241-9954-470932e4a7e8.jpg,""
media/dba096b4-4fe7-4318-b60f-71c8f6ede292.jpg,""
media/4c5de294-296f-4abe-92ae-68b4501ac59f.jpg,""
media/2fff9d5a-708e-41c5-a67e-22e3868ff405.mp4,""
media/43b53287-fc42-4dd8-9aad-3a239380e375.jpg,""
media/51c5c9e6-5f87-4945-80a5-41c2e19d1311.jpg,""
media/9d3a989f-8c6c-43b5-8eca-9078dfbf0f9d.jpg,""
media/1d1f09e3-702b-4173-bda0-11e44eb15592.jpg,""
media/7ecb64d1-ef4b-4a32-afd0-726dc7e663a9.jpg,""
media/5a667762-e092-4f53-b855-aeaf71393426.jpg,""
media/42a34482-771f-46c6-a7d3-0529fe304583.jpg,""
media/01473e8d-11a4-4f2c-a7fd-dba347366796.jpg,""
media/e231ac4d-b5d3-405c-8dbd-661497809077.jpg,""
media/c553651e-b9bb-4333-85c0-7e787dfdf9aa.jpg,""
media/0ad0eae9-d49f-4e39-90e6-08f665d46768.jpg,""
media/15d196fd-a9cb-4ac4-ac35-ce6bf1df7373.jpg,""
media/53538934-8760-4f1e-a11b-71eb1c4f2113.jpg,""
media/40874c35-d393-48fd-9ca6-021bdc79b387.jpg,""
media/57b15271-a0a0-4585-bad4-b56e9416ec97.jpg,""
media/9c3f1e21-01a4-4a8d-a588-abd899461e83.jpg,""
media/89ec2d3b-88d0-4054-b776-f476123de9cc.jpg,""
media/c9f7f46d-61c9-4717-a711-174c0894fbc5.jpg,""
media/2167666d-437d-4a58-bea3-8e60d991f968.jpg,""
media/1912caf3-95b0-40e8-b15f-809af9bb5937.jpg,""
media/b2f6d8aa-c2e2-4b0d-ace3-9a153c3ff86c.jpg,""
media/32034f63-c251-4287-b215-cc4bcecc25e5.jpg,""
media/3a86f72d-2b6f-4745-b517-66f97a2b94f5.jpg,""
media/ebaf44c8-69cd-4c4b-90b5-d289eadd0991.jpg,""
media/bba951fc-1ea2-4c30-a3b3-0e0dfc8faf8c.jpg,""
media/a4776cff-7e45-4ed0-b9f0-b4a070bed260.jpg,""
media/4d271db3-51b8-4778-ba63-307ff59b5418.jpg,""
media/3aebeafd-bbd7-41a2-9651-d81789cedbaa.jpg,""
media/716b35da-87b2-409c-af57-436d108c659d.jpg,""
media/80b8b6f3-11e5-469b-8c09-56b1966532f5.jpg,""
media/53278f77-b423-4188-873b-3c2760ced317.jpg,""
media/77c936fb-a96f-4ece-829f-7e5bfa4885a5.jpg,""
media/74860491-4d4f-4663-ae4b-7317bc8dcebb.jpg,""
media/e3399ec4-3602-411f-8b82-2aaa7c91d906.jpg,""
media/b898da22-c1ef-4b32-b218-d3d1e2542030.jpg,""
media/efbf5f01-f08e-4350-aed9-76eb23700ae4.jpg,""
media/41d31d9c-137d-4552-b20c-5f8ca8acfddb.jpg,""
media/1d430e61-13cc-40a8-9584-0c2fa03942b2.jpg,""
media/266b3953-8b60-434c-b187-14c1ee2045cc.jpg,""
media/e0a62672-1be0-4db5-a455-00dcf121185d.jpg,""
media/e305c915-fe89-4943-a137-f5f4c2f6d03d.jpg,""
media/6ba44eed-dcbf-4970-8d0b-6841d86b464f.jpg,""
media/777851b6-c648-4503-ac71-35f70a42b726.jpg,""
media/c6c4daa4-d3fd-437a-82b3-b226a5531086.jpg,""
media/7bce7ff5-0ef3-4a70-b7e6-781969af2df1.jpg,""
media/5d8b573b-01e3-463c-8e8b-01272fd8a608.jpg,""
media/8d469950-dcd4-4efb-8ba1-2fc52e9d0694.jpg,""
media/2cae440c-0cb7-4a3a-9bde-30b173469f5a.jpg,""
media/a770360b-3fe7-4f67-ab82-caf6e962ad1b.jpg,""
media/ed2a8f26-0091-4807-8588-57c94bb1c9fa.jpg,""
media/09b8d680-cb6f-4c99-8e63-fb40c356a979.jpg,""
media/674265cd-55da-4216-8305-8aa41ced8452.jpg,""
media/c9a4577f-29f9-444c-a290-c9601264687b.jpg,""
media/b6c77d46-e09f-42fa-86f7-f8c08ece6f24.jpg,""
media/c0923c78-a63b-4c87-a6cb-ec40fec52b7c.jpg,""
media/5759e922-2253-447e-a3de-66dc3f1cd983.jpg,""
media/50055397-0da3-44e1-afd7-b5bfdccba019.jpg,""
media/a537533a-d8fd-4732-b48b-8a3011eb85bf.jpg,""
media/a72bbacc-2f49-4e14-a9e7-b2dc38f09c1a.jpg,""
media/4790cc7c-08cf-4831-aaae-4631fb5334d0.jpg,""
media/75296e5c-51f6-4297-a4ad-e8df799cefd4.jpg,""
media/65cf13c7-bc4c-48ab-8f16-a6b22c865993.jpg,""
media/c0c813d0-276c-4b57-9f4d-51c97c451c21.jpg,Gratis
media/1bcab4ae-015e-45f8-94c7-777dab94e47d.jpg,""
media/0ee2a608-88c6-4a72-9e19-4eace5105319.jpg,""
media/71fdb837-9a74-430b-b13c-b3cec59cc79e.jpg,""
media/51572fd2-5ccd-4139-bbef-d0ccb714207b.jpg,""
media/cdca49c7-7530-488d-b040-3be4d11b4b10.jpg,""
media/0ef0ead0-dfd9-4532-8756-8717b9576b9d.jpg,""
media/375a0d46-477d-4039-94fc-b94fbb76d3c7.jpg,""
media/b4181b9d-9cb3-4148-a6d0-21b0cdc02031.jpg,""
media/024d24e3-b870-4e06-8dac-d221d09f1dbd.jpg,""
media/238ce735-2ce0-456e-8155-815d84473343.jpg,""
media/f9d7e79a-22ba-438c-8d62-5a5b611fe8ea.jpg,""
media/91749332-c24e-4e23-8b27-73289835779d.jpg,""
media/690b7e03-3395-4a52-b7ea-e93a0ac90d4c.jpg,""
media/40314cc9-5d24-40d4-ba15-8a8214aca66e.jpg,""
media/6246c63d-4cfe-47a9-9846-1cbd5f0cace7.jpg,""
media/d4c76477-8db1-463a-b76d-0bba01bc5a38.jpg,""
media/8148eb1e-7034-4eb8-986c-85475a06202c.jpg,""
media/743cb930-17a4-4efc-92db-1ce94c02d342.jpg,""
media/e40a5f5f-b965-4378-a61b-35243fb3fb3f.jpg,""
media/d3466a22-5e27-4f41-86c6-7faf3a2a7141.jpg,""
media/cafd910b-3127-4237-8c7e-8e9925352fff.jpg,""
media/dba46597-c418-4493-b9be-7614c7159f9e.jpg,""
media/77cfe9a2-aa9f-48cd-8242-c008c076ab50.jpg,""
media/2359dc80-d605-4dac-93b6-55b5ad5c3582.jpg,""
media/f2b10f81-9b01-4f5c-9373-74faaac099bf.jpg,""
media/f47a4dcd-f4ff-4c91-9111-e801a4daee0e.jpg,""
media/647eb23f-ead8-4f2b-afdb-1f3f73a2ebf9.jpg,""
media/422d7bfe-c5d5-4213-94bd-c3a8f146f38b.jpg,""
media/d2f7bf58-8547-444c-84c1-93fda003df22.jpg,""
media/40066a02-e082-4962-ad53-c24e68566935.jpg,""
media/983a2a9b-cdd1-44b6-9817-180f9ad1af1b.jpg,""
media/12b586b2-d370-4226-ad76-88eb041892af.jpg,""
media/f394a9f6-14fa-4e0d-80ff-42bf454401f5.jpg,""
media/c7c1ab3f-1625-4627-bc45-8a089c0b1bbe.jpg,""
media/d14a9990-62ca-43b6-b2f0-9f5c4becbf46.jpg,""
media/f0755b86-ce6a-4289-a620-f3bcc0860fba.jpg,""
media/6d02a72d-e02c-401b-a61c-248d2055fc67.jpg,""
media/2ffde83b-ad70-43e6-89ac-f7f783012d69.jpg,""
media/eabd8d85-5558-4f1f-b98c-6149e9fbe89b.jpg,""
media/00875baa-9b1a-4ee9-85cf-feadfcb65d50.jpg,""
media/5d127695-3f99-4372-aaa2-e5588610aa39.jpg,""
media/dbf8167a-1c87-40ce-ae53-2fd2807f2cbb.jpg,""
media/3edebc4d-02d5-4f82-a900-a471ea2d851c.jpg,""
media/6899ece1-686f-4a09-a6b3-6af6747cf0d8.jpg,""
media/49b32463-d15b-40c8-9f36-f20f8767efdb.jpg,""
media/56623d61-3429-4afc-8da7-b30284af907b.jpg,""
media/b0e1a602-ac61-4646-8fe8-f1c8ccf5c3fc.jpg,""
media/097fe056-566f-495d-a988-e3dc5c96467a.jpg,""
media/4439a288-21e2-47c3-8c52-541659097ae8.jpg,""
media/b65ee806-be36-4f4e-a23f-32b9a2731680.jpg,""
media/91a374c8-87f3-4fe8-acec-1904e0f0a402.jpg,""
media/552658b3-f341-41ca-aca2-68f18597bfe1.jpg,""
media/50a4b0a0-a4c1-4338-a9fe-b0b02751f8ea.jpg,""
media/d3c49612-7c8c-4b12-8784-d6934920c6e3.jpg,""
media/7571fe6c-92c5-4022-b22e-294d8c7589ca.jpg,""
media/d2c712f0-b554-48be-a32f-9d35cd719781.jpg,""
media/207ba6c1-82b2-48e6-93e9-9ead788cc156.jpg,""
media/a3c08db7-6847-4723-9eb9-dfc41c0c81c2.jpg,""
media/b9e2f66d-042f-41e7-bb0e-7e9bfa5c919f.jpg,""
media/5ae1441f-acbb-478a-a79c-731d6b27c988.jpg,""
media/0633bf70-6303-4300-858c-530df4dd390a.jpg,""
media/25cb44c1-d89c-4ef1-92ce-644919036574.jpg,""
media/e6dcaf24-4a20-4031-941b-b9616e6be8e6.jpg,""
media/0d377a37-aa18-49f4-9a98-fb75e9e83b46.jpg,""
media/4a681e2c-1820-490e-a0df-c3017bdb712c.jpg,""
media/8b6a31de-b633-4b06-8688-339a33865d8a.jpg,""
media/c06f658b-a967-460f-b0ba-6dcb01eaaefc.jpg,""
media/8550555c-7d96-49b2-a5e0-b648ebe481c5.jpg,""
media/07fb7800-5df3-4afd-a910-0a3aec5ce50d.jpg,""
media/83f58297-6af3-44d1-9b28-4919fe6c6583.jpg,""
media/053b1cc3-d374-4d91-b860-7d48a636225d.jpg,""
media/312d7077-ba44-409e-bfaa-adc9d6b0cab0.jpg,""
media/e444eafa-13a7-4d18-947f-a0cbb22c8ba1.jpg,""
media/7b549090-1d81-462a-b743-0decd89b7ea5.jpg,""
media/9ee2dc69-4651-45a0-b6e2-6026bb4bfc6a.jpg,""
media/04a44323-6001-436e-9eea-216cce2cd134.jpg,""
media/00aab3b5-6417-42a4-a579-22a078655269.jpg,""
media/b717bd17-cf09-404a-b089-17e79bc3a613.jpg,""
media/caef0399-9c86-4183-ba90-4db087b182c6.jpg,""
media/590162b0-72d3-492f-946b-9dea300b2b92.jpg,""
media/5611914e-158a-42c2-bec4-331c54d077fb.jpg,""
media/d68e1bca-1b7d-4ada-add6-433c6c56a1f2.jpg,""
media/f0b82add-481d-4919-82bc-0e14d8f828e4.jpg,""
media/073973aa-757e-4ae7-976e-0fa587016121.jpg,""
media/2d7a9f91-dfc5-4346-afff-8d8840be1b32.jpg,""
media/1fd29864-148e-4f77-9bd2-85bc8e3774e0.jpg,""
media/908ac20b-05f8-448c-9423-52b76b72d4a6.jpg,""
media/2bcc9ab4-91e7-4501-8e1b-1c03618ce4bb.jpg,""
media/d997880e-7833-43a3-939b-e8191f787d45.jpg,""
media/86cbf95b-0b74-46af-a7d8-e1e3ca3f67b5.mp4,""
media/2b5f19c1-ab1d-4d32-b161-c4afe33b8479.jpg,""
media/6268823b-c7e6-4c7e-a53a-634ee734e9f7.jpg,""
media/054f44e7-ef7c-4484-a368-a8bf7931187c.jpg,""
media/8e8a66ec-721e-4521-936f-51d70ee2f57a.jpg,""
media/ce482a6e-fb16-4722-a465-a4422b51c517.jpg,""
media/be096c06-bd95-41bc-b61f-f80b93455b44.jpg,""
media/c079402f-01d6-4939-8fec-168c5ca32f62.jpg,""
media/b03749fb-b16c-4299-8a6f-b6ebb4ba3b93.jpg,""
media/a36054fb-342a-4cc8-8cf6-96dcbf87e5da.jpg,""
media/01b0aaf2-82a6-4909-84a3-c78bcaf3bd2c.jpg,""
media/28eef074-352b-4b59-a12e-19e4c960fdbe.jpg,""
media/c4fc7b1b-3556-4d35-9510-679e9f426ce2.jpg,""
media/b2cb6c99-5af0-4757-90e1-2c536e417c8b.jpg,""
media/7f100c1c-4a6c-4028-8a80-dde925f69ae1.jpg,""
media/de59c486-86c5-40b7-894b-0d67d2d98710.jpg,""
media/ceaf706f-4461-4a51-a425-96f54967b1a6.jpg,""
media/693ba33f-10fb-4b55-a0ab-26f50e0e3133.jpg,""
media/ab5bbd03-2ae7-4072-898a-035a43a486cf.jpg,""
media/d27556cf-cf33-4c62-be30-2523650edb3e.jpg,""
media/e511b6fe-c356-45e0-bcca-06ed7332ac51.jpg,""
media/1465a0b1-11ed-4365-9ea2-b1cabcbc4af9.jpg,""
media/3b8a5f72-081f-4749-af0c-5d6edb614b9b.jpg,""
media/95f58120-2ff0-4866-ba26-8441b258ac8b.jpg,""
media/b279f485-e2d1-48df-ab96-e3213308507e.jpg,""
media/3a44e3dd-b93f-4f90-9b44-3f259ded517c.jpg,""
media/17b5495a-0a70-4785-8aee-591bab8c5084.jpg,""
media/206e1231-2be6-48ec-88b0-4f6e9e352532.jpg,""
media/3d04e509-286f-484d-8650-e293b85052c4.jpg,""
media/5f239963-9ce4-4e50-86c3-af8be9a1743b.jpg,""
media/82b721ac-ab4c-483a-b809-c8e2a671de2d.jpg,""
media/e379bcb9-34a9-48a3-a35e-53104280cc67.jpg,""
media/a2f0948f-0876-431a-9512-bb110e642a67.jpg,""
media/480eca69-c925-4fda-bb65-816c80d4b6be.jpg,""
media/a2bd94b3-170b-453b-b662-2758388a03be.jpg,""
media/d956d592-2e9f-4df8-af8e-adf7bb2a4d91.jpg,""
media/557f2f83-2c79-4a8d-b9b2-2cb1dc90985a.jpg,""
media/88e8fd64-ff47-430b-9a3c-16168c504872.jpg,""
media/24b3d6a3-4b4e-434d-ba4f-8d6f88d09dd9.jpg,""
media/019fdb41-a522-49dc-9a3b-6f5f49a1f0cd.jpg,""
media/874dab96-8d43-4207-822b-b4587392f967.jpg,""
media/bd02d1e9-7d12-4a64-8ea2-4ebb4b39395b.jpg,""
media/1fa0b851-7b73-485d-b932-ef60edbcd340.jpg,""
media/1be46f9c-d55d-4607-8efc-8acbd6f42b49.jpg,""
media/7eef6a74-6128-4578-a6ed-064e7588b2c3.jpg,""
media/c6e0d2be-044b-4b56-bd63-1693d6ffea75.jpg,""
media/f972bcbf-2985-42d8-9884-c0a63216682a.jpg,""
media/6a6e50a2-b0c0-483b-92f9-91296d0b55fa.jpg,""
media/ef0fa7c4-71be-4565-879c-9b7604ab22c1.jpg,""
media/9a94717f-cdc2-46b0-9f1e-82f5ed01c782.jpg,""
media/d4bd9c00-a777-4e30-87a8-e312f40114d9.jpg,""
media/4b34490c-bfd9-48cf-9ddf-5a174e1eb8a3.jpg,""
media/4b5443fa-0efa-44bf-a21e-936495010e54.jpg,""
media/0ba57b22-b1e7-4210-9d82-3a687b0ce3af.jpg,""
media/d4ea29ad-38a6-4ce8-a332-6d3074b9409d.jpg,""
media/a7afe7e9-8bf6-404d-b087-03c33d0589ce.jpg,""
media/2279862a-935e-425a-8cc7-bd0ba003791e.jpg,""
media/730551ad-27a0-4408-aa6e-9aaeb51f63f3.jpg,""
media/910aa961-3d00-4004-9095-60edb89830b9.jpg,""
media/616a73bf-60a1-4403-9437-79dbd938e8be.jpg,""
media/ea7f5916-395a-4e82-b6d8-c227db8d1a36.jpg,""
media/84ca91ce-6d29-4219-8380-4c0599166477.jpg,""
media/bd136b4d-143e-4a76-9f5f-931bc3d05800.jpg,""
media/c32c18b0-b94d-47b1-bfed-af16af0eb5fc.jpg,""
media/7816de00-2bd0-4cb0-93eb-3be3e7ae61ee.jpg,""
media/e4e85f56-e29d-4c42-983b-ecfb67d667e7.jpg,""
media/bf124334-4a2a-4912-9ff8-8d4d134e6446.jpg,""
media/9ee55e90-3c83-4764-8e2b-6c7a14c99430.jpg,""
media/77eb1f12-9326-45a2-8eea-73dd01173999.jpg,""
media/f40f3a0e-496d-42ba-b023-2599b0e9c816.jpg,""
media/b6212f89-8d3a-4454-9477-5c101c707f88.jpg,""
media/d4757abf-2a4b-4581-86a1-1e2768f59082.jpg,""
media/38a84c9b-e384-4948-ba38-988d6790fa5b.jpg,""
media/09a8c878-c4c6-40eb-a038-f95a326f17ef.jpg,""
media/8292c473-85d5-4fee-a878-f880565f676f.jpg,""
media/83205f23-873a-4936-ad40-c66220987675.jpg,""
media/49ae3785-49b1-476f-b802-2cbc4a145ea2.jpg,""
media/1e335852-8f00-448d-8e74-07f329f9ce0b.jpg,""
media/f45406e9-b04d-4679-ae46-741a45da9c16.jpg,""
media/79310f74-bc4e-4b66-a19c-093839ad37d0.jpg,""
media/6f960a01-758e-41d1-b9c7-042060ade0e5.jpg,""
media/4bf5fcc3-067e-4456-b20b-85b7701bbe7a.jpg,""
media/99fea6dc-167c-4c90-b1ca-d267ecb4ce38.jpg,""
media/42796db0-f2c1-4037-8915-2e2a811d9a92.jpg,""
media/d1405df0-a80f-409b-b6bf-d3e99171b1ae.jpg,""
media/7f989aac-5f91-48af-92a5-bf7e21eb35ea.jpg,""
media/a954310e-87f4-4f07-97f1-daf29a6ba9d0.jpg,""
media/7aab2371-b9b2-4575-85fe-b30c80ccb937.jpg,""
media/b2c050b5-d9fa-438c-8dbd-0d51fd540631.jpg,""
media/64ef9084-b703-4ac4-97c9-6a7d1612e329.jpg,""
media/8b84d7fe-d286-4034-bf71-eac4a8e9dee7.jpg,""
media/16cfd89b-2cdf-4120-831b-7d6d0f7986cb.jpg,""
media/740dc0b7-784e-477e-a965-1f1e8dcfc977.jpg,""
media/8bfb5332-f014-43e1-897a-bd8234a8e9db.jpg,""
media/2b76acb2-e63f-4180-abd5-5baccffc4498.jpg,""
media/4a9d1ea7-f6fd-4dda-9a25-a5f928d07c2e.jpg,""
media/2ef147cb-c0e9-4e50-a1d0-e65c484e7076.jpg,""
media/0809e919-8918-4cf9-922b-426b3641381e.jpg,""
media/ea7b718a-2807-4fd5-add6-b5c593d791fa.jpg,""
media/9bcd3709-b27f-4fd3-8575-27a5ba9825b6.jpg,""
media/70dd9a11-e4af-46b8-b184-5a923293664d.jpg,""
media/60c16911-07f3-4e6c-ace7-2b85301eb1f0.jpg,""
media/bb0b0235-9107-4fc4-b04b-9c532410bb0c.jpg,""
media/55d94044-3d63-468d-838f-eba5042a8d90.jpg,""
media/22af1dec-ce7e-4f7e-a8c5-71d34b572e9a.jpg,""
media/c0bf212a-b441-40df-bf5e-96e613a7ae41.jpg,""
media/87d0ee9d-bf59-43e6-9c86-ba7365758a50.jpg,""
media/516bd50c-f164-426e-99c8-337711c4cbb5.jpg,""
media/030ed85b-11ad-484f-801b-76a7f50f6392.jpg,""
media/c7940adb-8623-43fe-95bc-ba223133da98.jpg,""
media/25390486-a297-458f-a15a-6b1c743f6109.jpg,""
media/227ad328-fd79-4283-8120-83b3d8db6ba2.jpg,""
media/1349e528-6f55-4e3c-87d8-1d6dc87c9fcc.jpg,""
media/f651412c-389f-43d9-9402-20da13d9b391.jpg,""
media/ac0ea9b8-2ebd-4c2a-9343-d093dae31d4e.jpg,""
media/c794f5a0-df17-4de6-a585-79c77a490d62.jpg,""
media/32755d08-0213-477e-ac24-83e45f582cfc.jpg,""
media/fff2b7a2-b79f-451b-b20c-1d466536db80.jpg,""
media/81a80d8c-2da3-40b5-b613-363e700ce43d.jpg,""
media/89d1f9f6-50ac-41e5-867c-4c601d9bc165.jpg,""
media/f7d5c21f-9c0b-4dfa-ac18-880bdabbf14a.jpg,""
media/757abe2b-db88-4186-ad17-11077b35ea79.jpg,""
media/f5335ba6-5063-4a4d-96df-3a546df49207.jpg,""
media/1a7fc495-0b23-4ff1-887a-174c6e86b09c.jpg,""
media/83c9af8f-511c-4f4c-b715-a1455c350ff5.jpg,""
media/d9f84a69-3244-43c1-bd95-17887baf1f72.jpg,""
media/6fb3ce7f-afeb-4eee-8578-e2210b7f46cc.jpg,""
media/10c25614-0b69-4e9c-8327-dbb1297e909e.jpg,""
media/7388c0be-874e-47b8-93c4-cc075c750466.jpg,""
media/f7980dca-d24b-49ce-8053-f905020eaf79.jpg,""
media/52e24ff8-8bc8-4a1f-ac44-81a1219f8cc6.jpg,""
media/3ff43b88-f057-45e2-b358-5478fdd8710d.jpg,""
media/e5b483ac-3473-461a-9c7b-4521b90836d7.jpg,""
media/32278f57-e157-4da3-b4f8-f83c31158ca0.jpg,""
media/bad0a3f8-81a2-4ff6-a378-1cdb945b4ee6.jpg,""
media/df5f04ac-cb15-4a5f-a179-bd6960883e18.jpg,""
media/0cadae40-1f29-4c84-ae85-9c3342def945.jpg,""
media/636c2a1b-3ce0-428f-9e52-02c2485c1cb7.jpg,""
media/1425121e-a0f4-482f-a770-876ca9b9d754.jpg,""
media/1992ace1-400f-484d-9a37-2ec9304cafb8.jpg,""
media/bd401ee3-a31d-4c2c-b536-fa5fb1e532e7.jpg,""
media/0392558e-684e-4207-aad2-0109890f5af7.jpg,""
media/f7b7077c-2fce-46dc-9a03-e763edeb3ad0.jpg,""
media/fdb15489-ee9d-4434-a815-ebecbf189e35.jpg,""
media/079ad821-c387-457b-b612-c340b16d7cad.jpg,""
media/ae6d8752-6439-4961-b505-5b974e93bc11.jpg,""
media/481ebb0f-d6b7-4571-9b4a-5e8b74fc3b47.jpg,""
media/5af75e5b-2ae2-4e4e-b732-d59ba88578ad.jpg,""
media/64f5a692-a777-41ef-83b0-8339ce6c5af0.jpg,""
media/9f433100-c223-4907-9567-3f827457e2d9.jpg,""
media/c07d6cb7-c56d-463c-a656-d12bd09486a9.jpg,""
media/3743d68a-57d3-4681-aecf-df72e5633ca5.jpg,""
media/e409c822-bdca-4d61-a0c3-930eee4b5f86.jpg,""
media/f1a25c42-f487-42ee-a892-ca8956a6e7b5.jpg,""
media/2c654f2e-f460-4935-a9c0-e653004c18dd.jpg,""
media/9a87c7da-4e58-4d46-9731-846305e5dd5b.jpg,""
media/b54fdcd3-a009-450e-a163-982bbecdce19.jpg,""
media/7a23051f-d714-4109-8a1a-46d88277e28f.jpg,""
media/73dca972-c0a7-4424-a839-fbfe63b64c03.jpg,""
media/f85b439f-48ae-4891-96ec-6d2fe1f5572a.jpg,""
media/55235e6c-8ccc-48f2-b3bf-523dbab3a345.jpg,""
media/21b40101-92ca-48c1-8e35-d43ad6b0cddf.jpg,""
media/5f42543d-96ae-4a32-adfa-f8abee78e88a.jpg,""
media/48e68d12-4925-4f37-acd0-44ce647c2cd5.jpg,""
media/6d8b149f-65f5-4b30-8b30-1de07764712e.jpg,""
media/6ee7a90a-e04c-4211-8f62-858cc5641149.jpg,""
media/1a4993b4-ad87-4192-9cb5-e0b75089e6de.jpg,""
media/d5dcf54e-877c-4009-b4ed-1daf61a29ce7.jpg,""
media/37f8ea1a-02be-491f-a4fe-69a5b5081cd8.jpg,""
media/ea110347-6576-4293-af1d-31641a3d47cd.jpg,""
media/246483f5-060b-40d4-a9f2-1abcaa2315a9.jpg,""
media/c749b585-4c58-4143-9b7d-83450501fb24.jpg,""
media/423332a2-39a9-4293-9e8a-18ec1a7f27e9.jpg,""
media/ebf56134-5ee1-41db-a8a4-2d80d72b0ba0.jpg,""
media/4d3a4411-0026-4eb4-8057-562bf90936c7.jpg,""
media/2c7c4e1e-51ef-4c70-9c4a-1a5e04bdbb50.jpg,""
media/9d56998a-d916-4bb4-8caa-5d98c56c12e4.jpg,""
media/ee603b8b-a652-4829-a9e5-d2959376bdd4.jpg,""
media/3779d19f-8b02-4178-b2e6-ad0c1ae6ac70.jpg,""
media/a3a45bea-1559-4338-81d2-350b94c3db67.jpg,""
media/6fbd145b-4ba6-430c-b257-2291f38d2825.jpg,""
media/e8f888a1-7016-4578-a39c-689cf30bf25b.jpg,""
media/d7d5d175-7043-47b2-82fe-43729c4d3857.jpg,""
media/050e7beb-7fe3-4991-8d5b-5e9cdb7c2289.jpg,""
media/25be3e12-fd24-4090-980f-9635bc5cc31d.jpg,""
media/c582a900-9a04-4c12-9ad5-6f10365ab7ad.jpg,""
media/267ca0eb-b8ee-4510-ad1f-f72afe2a36f4.jpg,""
media/9004ff8a-836d-455a-8297-81cfb561b7cf.jpg,""
media/6961dea7-38b2-410b-89ae-9a3cccf2fa67.jpg,""
media/09cf59a1-2029-4f49-83a0-fc4203f2df5d.jpg,""
media/d7a8340f-3912-488a-b546-5b912cd45cce.jpg,""
media/b9a92342-91d9-40db-b1e0-190343173a42.jpg,""
media/d4a25e5b-b6cf-43d0-9312-eeabb40302f2.jpg,""
media/e0803abd-8ae0-455a-8f75-15dbc71d5721.jpg,""
media/5fcba65c-f21c-46c5-9b7b-9cfe4e2eeafc.jpg,""
media/33170ef5-8403-448e-abe9-4f726317153b.jpg,""
media/a131bf1a-6581-4b8b-a85b-21f815b09b39.jpg,""
media/0f672491-2275-40a8-a978-dbd8b764da98.jpg,""
media/022362cf-26a7-4d55-9e1a-10880eceeb57.jpg,""
media/fe5114c4-a5c7-44c8-8971-453e07dd55b7.jpg,""
media/924602aa-8a2a-4712-9f95-cc0aac9f0179.jpg,""
media/44d4a8f6-81e2-4092-a945-552cec54c6d7.jpg,""
media/0c586a8c-7d71-4182-b467-146967c26aad.jpg,""
media/39e6315a-bb63-4889-b42e-6bc31603f25a.jpg,""
media/e5c682c1-da48-40f4-925e-f187b144dbd6.jpg,""
media/4fa7b356-729d-4471-9489-09ff7a97ed35.jpg,""
media/46db8902-aafd-4936-9594-c1bb74e9f052.jpg,""
media/afe29033-9a5e-4635-bf0b-f0996ab2e9dc.jpg,""
media/d5d13ffa-4e98-4fdb-be5d-624599748517.jpg,""
media/120810fe-97f4-47dc-af89-94ae3df4846d.jpg,""
media/73c3637e-0d88-46a8-b6b1-406734df45ba.jpg,""
media/2646ef6d-557e-4c2b-a562-aea9d2d02d00.jpg,""
media/4d1588a2-cd43-4846-8fde-43413fcb897f.jpg,""
media/0535c7fe-b299-4ea1-aba4-cbe932c9666f.jpg,""
media/37d19ccf-4b0e-4e38-a29c-32f711a933ee.jpg,""
media/df2f52f2-36b5-4705-ae6b-0121fdf26339.jpg,""
media/6f6b0ffd-7ba0-4ecc-8de5-91737dc0afdd.jpg,""
